Fund Name,P1,P2,P3,P4,P5,Topsis score,Rank
M1,0.85,0.72,4.6,41.5,11.92,0.3970109429415111,6
M2,0.66,0.44,6.6,49.4,14.28,0.4320229113745749,4
M3,0.9,0.81,6.7,66.5,18.73,0.9262567363715304,1
M4,0.8,0.64,6.9,69.7,19.51,0.7781458047487971,2
M5,0.84,0.71,4.7,36.5,10.69,0.35887660867140864,8
M6,0.91,0.83,3.6,42.3,11.91,0.4339668011827673,3
M7,0.65,0.42,6.9,38.1,11.52,0.3607567048283988,7
M8,0.71,0.5,3.5,60.9,16.4,0.41754425121991245,5
